592 Jared_Peterson 996932.0 Jared-Peterson@moemail.com
89 Kelli_Soto 256380.0 Kelli-Soto@moemail.com
874 Guadalupe_Johnson 56578.0 Guadalupe-Johnson@moemail.com
208 Charlene_Berry 883170.0 Charlene-Berry@moemail.com
183 Norma_Palmer 843615.0 Norma-Palmer@moemail.com
567 Michael_Massey 219084.0 Michael-Massey@moemail.com
731 Ricardo_Russell 283496.0 Ricardo-Russell@moemail.com
281 Leticia_Harmon 443688.0 Leticia-Harmon@moemail.com
801 Terence_Francis 188088.0 Terence-Francis@moemail.com
605 Martin_Barber 78309.0 Martin-Barber@moemail.com
290 Wilbert_Simon 721355.0 Wilbert-Simon@moemail.com
40 Benny_Newton 994718.0 Benny-Newton@moemail.com
192 Lydia_Cook 383446.0 Lydia-Cook@moemail.com
111 Raymond_Hammond 84334.0 Raymond-Hammond@moemail.com
411 Mercedes_Santiago 213804.0 Mercedes-Santiago@moemail.com
231 Clinton_Coleman 62521.0 Clinton-Coleman@moemail.com
666 Robin_Clarke 212510.0 Robin-Clarke@moemail.com
867 Katie_Bryant 284368.0 Katie-Bryant@moemail.com
59 Doug_Young 578780.0 Doug-Young@moemail.com
957 Kendra_Figueroa 138435.0 Kendra-Figueroa@moemail.com
650 Gina_Luna 456763.0 Gina-Luna@moemail.com
906 Jennifer_Klein 494184.0 Jennifer-Klein@moemail.com
413 Cristina_White 466188.0 Cristina-White@moemail.com
316 Tanya_Greer 390526.0 Tanya-Greer@moemail.com
63 Omar_Sharp 10445.0 Omar-Sharp@moemail.com
767 Kerry_Willis 271165.0 Kerry-Willis@moemail.com
809 Mitchell_Ingram 479118.0 Mitchell-Ingram@moemail.com
917 Bridget_Rice 406035.0 Bridget-Rice@moemail.com
617 Mae_Stevenson 925904.0 Mae-Stevenson@moemail.com
22 Clifton_Hudson 393458.0 Clifton-Hudson@moemail.com
60 Devin_Norton 819751.0 Devin-Norton@moemail.com
789 Carol_Estrada 772646.0 Carol-Estrada@moemail.com
905 Willie_Wood 327729.0 Willie-Wood@moemail.com
251 Tommie_Mitchell 957059.0 Tommie-Mitchell@moemail.com
606 Lela_Casey 311529.0 Lela-Casey@moemail.com
510 Kristina_Owens 114972.0 Kristina-Owens@moemail.com
149 Hugo_Moran 367450.0 Hugo-Moran@moemail.com
929 Lena_Snyder 951641.0 Lena-Snyder@moemail.com
445 Horace_Freeman 42025.0 Horace-Freeman@moemail.com
975 Luis_Warren 318005.0 Luis-Warren@moemail.com
446 Virgil_Gonzalez 451473.0 Virgil-Gonzalez@moemail.com
116 Phillip_Webster 409355.0 Phillip-Webster@moemail.com
165 Delbert_Salazar 665529.0 Delbert-Salazar@moemail.com
160 Melba_Wright 216854.0 Melba-Wright@moemail.com
463 Gwen_Jefferson 202242.0 Gwen-Jefferson@moemail.com
848 Erick_Mckenzie 349799.0 Erick-Mckenzie@moemail.com
589 Alice_Benson 837358.0 Alice-Benson@moemail.com
710 Chelsea_Pena 406956.0 Chelsea-Pena@moemail.com
623 John_Boone 152442.0 John-Boone@moemail.com
245 Norman_Sutton 692910.0 Norman-Sutton@moemail.com
586 Corey_Day 955957.0 Corey-Day@moemail.com
167 Dianne_Henry 208568.0 Dianne-Henry@moemail.com
890 Tommy_Graham 190336.0 Tommy-Graham@moemail.com
945 Rhonda_Rivera 493453.0 Rhonda-Rivera@moemail.com
969 Darla_Martinez 517791.0 Darla-Martinez@moemail.com
691 Jessica_Burgess 708571.0 Jessica-Burgess@moemail.com
342 Ryan_Nunez 390318.0 Ryan-Nunez@moemail.com
381 Blake_Vasquez 20824.0 Blake-Vasquez@moemail.com
529 Loretta_Gibbs 85433.0 Loretta-Gibbs@moemail.com
428 Mario_Franklin 312496.0 Mario-Franklin@moemail.com
806 Otis_Steele 411575.0 Otis-Steele@moemail.com
37 Jerry_Bishop 255581.0 Jerry-Bishop@moemail.com
398 Susan_Rogers 270421.0 Susan-Rogers@moemail.com
456 Marcos_Rose 547463.0 Marcos-Rose@moemail.com
918 Jamie_Summers 714419.0 Jamie-Summers@moemail.com
896 Rafael_Wagner 993480.0 Rafael-Wagner@moemail.com
671 Lindsey_Townsend 723107.0 Lindsey-Townsend@moemail.com
118 Evan_Ellis 415301.0 Evan-Ellis@moemail.com
723 Ramon_Lyons 154657.0 Ramon-Lyons@moemail.com
517 Randal_Cohen 153800.0 Randal-Cohen@moemail.com
180 Hope_Patton 838039.0 Hope-Patton@moemail.com
993 Paulette_Stone 255371.0 Paulette-Stone@moemail.com
156 Carl_Sherman 114744.0 Carl-Sherman@moemail.com
455 Estelle_Bush 807988.0 Estelle-Bush@moemail.com
766 Cora_Chavez 499215.0 Cora-Chavez@moemail.com
479 Glenn_Joseph 807539.0 Glenn-Joseph@moemail.com
692 Boyd_Vaughn 318897.0 Boyd-Vaughn@moemail.com
365 Nettie_Lucas 282782.0 Nettie-Lucas@moemail.com
700 Lorene_Strickland 784191.0 Lorene-Strickland@moemail.com
727 Shelia_Cunningham 952382.0 Shelia-Cunningham@moemail.com
950 Kristine_Potter 367478.0 Kristine-Potter@moemail.com
154 Christy_Gomez 189139.0 Christy-Gomez@moemail.com
84 Essie_Nguyen 219652.0 Essie-Nguyen@moemail.com
678 Samantha_Turner 124013.0 Samantha-Turner@moemail.com
353 Flora_Johnston 792010.0 Flora-Johnston@moemail.com
244 Marion_Wilkins 419271.0 Marion-Wilkins@moemail.com
491 Eileen_Burke 612138.0 Eileen-Burke@moemail.com
939 Lucy_Clark 186832.0 Lucy-Clark@moemail.com
492 Marilyn_Cruz 841499.0 Marilyn-Cruz@moemail.com
286 Mable_Carter 260008.0 Mable-Carter@moemail.com
485 Elsie_Wilson 458012.0 Elsie-Wilson@moemail.com
69 Megan_Moore 249465.0 Megan-Moore@moemail.com
228 Thelma_Ross 592481.0 Thelma-Ross@moemail.com
96 Winston_Drake 327176.0 Winston-Drake@moemail.com
994 Ignacio_Montgomery 329942.0 Ignacio-Montgomery@moemail.com
294 Sara_Fleming 142507.0 Sara-Fleming@moemail.com
384 Ellen_Wolfe 349591.0 Ellen-Wolfe@moemail.com
696 Pauline_Weber 470060.0 Pauline-Weber@moemail.com
588 Saul_Reeves 805097.0 Saul-Reeves@moemail.com
682 Cecilia_Fowler 908939.0 Cecilia-Fowler@moemail.com
16 Jared_Peterson 353127.0 Jared-Peterson@moemail.com
934 Kelli_Soto 589156.0 Kelli-Soto@moemail.com
483 Guadalupe_Johnson 7248.0 Guadalupe-Johnson@moemail.com
658 Charlene_Berry 364456.0 Charlene-Berry@moemail.com
908 Norma_Palmer 333207.0 Norma-Palmer@moemail.com
593 Michael_Massey 416678.0 Michael-Massey@moemail.com
590 Ricardo_Russell 128600.0 Ricardo-Russell@moemail.com
227 Leticia_Harmon 576587.0 Leticia-Harmon@moemail.com
636 Terence_Francis 450183.0 Terence-Francis@moemail.com
112 Martin_Barber 753881.0 Martin-Barber@moemail.com
665 Wilbert_Simon 705075.0 Wilbert-Simon@moemail.com
505 Benny_Newton 965368.0 Benny-Newton@moemail.com
318 Lydia_Cook 646891.0 Lydia-Cook@moemail.com
563 Raymond_Hammond 671878.0 Raymond-Hammond@moemail.com
966 Mercedes_Santiago 353110.0 Mercedes-Santiago@moemail.com
431 Clinton_Coleman 484048.0 Clinton-Coleman@moemail.com
840 Robin_Clarke 440652.0 Robin-Clarke@moemail.com
537 Katie_Bryant 504672.0 Katie-Bryant@moemail.com
612 Doug_Young 459411.0 Doug-Young@moemail.com
751 Kendra_Figueroa 708956.0 Kendra-Figueroa@moemail.com
444 Gina_Luna 710533.0 Gina-Luna@moemail.com
217 Jennifer_Klein 844409.0 Jennifer-Klein@moemail.com
242 Cristina_White 284663.0 Cristina-White@moemail.com
923 Tanya_Greer 528551.0 Tanya-Greer@moemail.com
199 Omar_Sharp 979605.0 Omar-Sharp@moemail.com
115 Kerry_Willis 867773.0 Kerry-Willis@moemail.com
663 Mitchell_Ingram 816314.0 Mitchell-Ingram@moemail.com
722 Bridget_Rice 967196.0 Bridget-Rice@moemail.com
472 Mae_Stevenson 140844.0 Mae-Stevenson@moemail.com
304 Clifton_Hudson 260465.0 Clifton-Hudson@moemail.com
209 Devin_Norton 924662.0 Devin-Norton@moemail.com
422 Carol_Estrada 735571.0 Carol-Estrada@moemail.com
938 Willie_Wood 21785.0 Willie-Wood@moemail.com
793 Tommie_Mitchell 617499.0 Tommie-Mitchell@moemail.com
528 Lela_Casey 453680.0 Lela-Casey@moemail.com
924 Kristina_Owens 28278.0 Kristina-Owens@moemail.com
178 Hugo_Moran 496327.0 Hugo-Moran@moemail.com
631 Lena_Snyder 393976.0 Lena-Snyder@moemail.com
42 Horace_Freeman 270118.0 Horace-Freeman@moemail.com
216 Luis_Warren 681387.0 Luis-Warren@moemail.com
686 Virgil_Gonzalez 367115.0 Virgil-Gonzalez@moemail.com
265 Phillip_Webster 666903.0 Phillip-Webster@moemail.com
743 Delbert_Salazar 241514.0 Delbert-Salazar@moemail.com
836 Melba_Wright 106856.0 Melba-Wright@moemail.com
583 Gwen_Jefferson 677821.0 Gwen-Jefferson@moemail.com
976 Erick_Mckenzie 609010.0 Erick-Mckenzie@moemail.com
760 Alice_Benson 783818.0 Alice-Benson@moemail.com
1 Chelsea_Pena 777269.0 Chelsea-Pena@moemail.com
65 John_Boone 662410.0 John-Boone@moemail.com
549 Norman_Sutton 972076.0 Norman-Sutton@moemail.com
560 Corey_Day 95968.0 Corey-Day@moemail.com
811 Dianne_Henry 162790.0 Dianne-Henry@moemail.com
717 Tommy_Graham 982680.0 Tommy-Graham@moemail.com
778 Rhonda_Rivera 36308.0 Rhonda-Rivera@moemail.com
126 Darla_Martinez 21740.0 Darla-Martinez@moemail.com
153 Jessica_Burgess 403696.0 Jessica-Burgess@moemail.com
410 Ryan_Nunez 581794.0 Ryan-Nunez@moemail.com
922 Blake_Vasquez 718999.0 Blake-Vasquez@moemail.com
901 Loretta_Gibbs 719202.0 Loretta-Gibbs@moemail.com
642 Mario_Franklin 484317.0 Mario-Franklin@moemail.com
170 Otis_Steele 105609.0 Otis-Steele@moemail.com
819 Jerry_Bishop 640557.0 Jerry-Bishop@moemail.com
323 Susan_Rogers 68040.0 Susan-Rogers@moemail.com
250 Marcos_Rose 471062.0 Marcos-Rose@moemail.com
10 Jamie_Summers 786660.0 Jamie-Summers@moemail.com
496 Rafael_Wagner 490441.0 Rafael-Wagner@moemail.com
842 Lindsey_Townsend 820541.0 Lindsey-Townsend@moemail.com
129 Evan_Ellis 142626.0 Evan-Ellis@moemail.com
385 Ramon_Lyons 878301.0 Ramon-Lyons@moemail.com
596 Randal_Cohen 431215.0 Randal-Cohen@moemail.com
628 Hope_Patton 178708.0 Hope-Patton@moemail.com
719 Paulette_Stone 718535.0 Paulette-Stone@moemail.com
747 Carl_Sherman 31968.0 Carl-Sherman@moemail.com
299 Estelle_Bush 908408.0 Estelle-Bush@moemail.com
882 Cora_Chavez 633956.0 Cora-Chavez@moemail.com
495 Glenn_Joseph 624516.0 Glenn-Joseph@moemail.com
507 Boyd_Vaughn 909649.0 Boyd-Vaughn@moemail.com
362 Nettie_Lucas 395545.0 Nettie-Lucas@moemail.com
55 Lorene_Strickland 208162.0 Lorene-Strickland@moemail.com
761 Shelia_Cunningham 978981.0 Shelia-Cunningham@moemail.com
674 Kristine_Potter 961259.0 Kristine-Potter@moemail.com
802 Christy_Gomez 282804.0 Christy-Gomez@moemail.com
575 Essie_Nguyen 182897.0 Essie-Nguyen@moemail.com
420 Samantha_Turner 444515.0 Samantha-Turner@moemail.com
331 Flora_Johnston 105271.0 Flora-Johnston@moemail.com
898 Marion_Wilkins 156765.0 Marion-Wilkins@moemail.com
164 Eileen_Burke 101358.0 Eileen-Burke@moemail.com
582 Lucy_Clark 527203.0 Lucy-Clark@moemail.com
771 Marilyn_Cruz 923875.0 Marilyn-Cruz@moemail.com
325 Mable_Carter 667970.0 Mable-Carter@moemail.com
155 Elsie_Wilson 240613.0 Elsie-Wilson@moemail.com
955 Megan_Moore 812384.0 Megan-Moore@moemail.com
376 Thelma_Ross 708810.0 Thelma-Ross@moemail.com
394 Winston_Drake 662857.0 Winston-Drake@moemail.com
712 Ignacio_Montgomery 789110.0 Ignacio-Montgomery@moemail.com
124 Sara_Fleming 543511.0 Sara-Fleming@moemail.com
340 Ellen_Wolfe 42467.0 Ellen-Wolfe@moemail.com
93 Pauline_Weber 200295.0 Pauline-Weber@moemail.com
28 Saul_Reeves 3664.0 Saul-Reeves@moemail.com
604 Cecilia_Fowler 128179.0 Cecilia-Fowler@moemail.com
123 Jared_Peterson 277835.0 Jared-Peterson@moemail.com
829 Kelli_Soto 372942.0 Kelli-Soto@moemail.com
584 Guadalupe_Johnson 218922.0 Guadalupe-Johnson@moemail.com
441 Charlene_Berry 201540.0 Charlene-Berry@moemail.com
312 Norma_Palmer 687521.0 Norma-Palmer@moemail.com
409 Michael_Massey 208481.0 Michael-Massey@moemail.com
573 Ricardo_Russell 955602.0 Ricardo-Russell@moemail.com
943 Leticia_Harmon 171335.0 Leticia-Harmon@moemail.com
693 Terence_Francis 975296.0 Terence-Francis@moemail.com
585 Martin_Barber 351968.0 Martin-Barber@moemail.com
951 Wilbert_Simon 850709.0 Wilbert-Simon@moemail.com
986 Benny_Newton 585680.0 Benny-Newton@moemail.com
166 Lydia_Cook 181469.0 Lydia-Cook@moemail.com
886 Raymond_Hammond 948227.0 Raymond-Hammond@moemail.com
637 Mercedes_Santiago 771715.0 Mercedes-Santiago@moemail.com
579 Clinton_Coleman 833157.0 Clinton-Coleman@moemail.com
167 Robin_Clarke 249885.0 Robin-Clarke@moemail.com
231 Katie_Bryant 589320.0 Katie-Bryant@moemail.com
26 Doug_Young 893207.0 Doug-Young@moemail.com
993 Kendra_Figueroa 309360.0 Kendra-Figueroa@moemail.com
412 Gina_Luna 487676.0 Gina-Luna@moemail.com
383 Jennifer_Klein 194881.0 Jennifer-Klein@moemail.com
894 Cristina_White 66215.0 Cristina-White@moemail.com
630 Tanya_Greer 666799.0 Tanya-Greer@moemail.com
581 Omar_Sharp 119508.0 Omar-Sharp@moemail.com
622 Kerry_Willis 518240.0 Kerry-Willis@moemail.com
636 Mitchell_Ingram 209338.0 Mitchell-Ingram@moemail.com
958 Bridget_Rice 670619.0 Bridget-Rice@moemail.com
372 Mae_Stevenson 99837.0 Mae-Stevenson@moemail.com
270 Clifton_Hudson 594588.0 Clifton-Hudson@moemail.com
330 Devin_Norton 108060.0 Devin-Norton@moemail.com
110 Carol_Estrada 758290.0 Carol-Estrada@moemail.com
214 Willie_Wood 980456.0 Willie-Wood@moemail.com
734 Tommie_Mitchell 539814.0 Tommie-Mitchell@moemail.com
811 Lela_Casey 879723.0 Lela-Casey@moemail.com
453 Kristina_Owens 527102.0 Kristina-Owens@moemail.com
893 Hugo_Moran 514282.0 Hugo-Moran@moemail.com
871 Lena_Snyder 584637.0 Lena-Snyder@moemail.com
754 Horace_Freeman 932607.0 Horace-Freeman@moemail.com
283 Luis_Warren 947671.0 Luis-Warren@moemail.com
511 Virgil_Gonzalez 168834.0 Virgil-Gonzalez@moemail.com
89 Phillip_Webster 543685.0 Phillip-Webster@moemail.com
960 Delbert_Salazar 439136.0 Delbert-Salazar@moemail.com
33 Melba_Wright 35550.0 Melba-Wright@moemail.com
203 Gwen_Jefferson 462919.0 Gwen-Jefferson@moemail.com
566 Erick_Mckenzie 914473.0 Erick-Mckenzie@moemail.com
139 Alice_Benson 329632.0 Alice-Benson@moemail.com
244 Chelsea_Pena 638440.0 Chelsea-Pena@moemail.com
472 John_Boone 648550.0 John-Boone@moemail.com
690 Norman_Sutton 489403.0 Norman-Sutton@moemail.com
691 Corey_Day 652532.0 Corey-Day@moemail.com
5 Dianne_Henry 594727.0 Dianne-Henry@moemail.com
780 Tommy_Graham 828026.0 Tommy-Graham@moemail.com
150 Rhonda_Rivera 70443.0 Rhonda-Rivera@moemail.com
852 Darla_Martinez 897742.0 Darla-Martinez@moemail.com
93 Jessica_Burgess 900048.0 Jessica-Burgess@moemail.com
480 Ryan_Nunez 797802.0 Ryan-Nunez@moemail.com
785 Blake_Vasquez 760649.0 Blake-Vasquez@moemail.com
230 Loretta_Gibbs 986169.0 Loretta-Gibbs@moemail.com
791 Mario_Franklin 326645.0 Mario-Franklin@moemail.com
677 Otis_Steele 655027.0 Otis-Steele@moemail.com
188 Jerry_Bishop 854080.0 Jerry-Bishop@moemail.com
319 Susan_Rogers 540325.0 Susan-Rogers@moemail.com
973 Marcos_Rose 544093.0 Marcos-Rose@moemail.com
962 Jamie_Summers 112115.0 Jamie-Summers@moemail.com
469 Rafael_Wagner 879945.0 Rafael-Wagner@moemail.com
204 Lindsey_Townsend 859888.0 Lindsey-Townsend@moemail.com
171 Evan_Ellis 923199.0 Evan-Ellis@moemail.com
676 Ramon_Lyons 22647.0 Ramon-Lyons@moemail.com
809 Randal_Cohen 83772.0 Randal-Cohen@moemail.com
304 Hope_Patton 26725.0 Hope-Patton@moemail.com
0 Paulette_Stone 293110.0 Paulette-Stone@moemail.com
751 Carl_Sherman 707119.0 Carl-Sherman@moemail.com
48 Estelle_Bush 124781.0 Estelle-Bush@moemail.com
27 Cora_Chavez 497353.0 Cora-Chavez@moemail.com
580 Glenn_Joseph 815062.0 Glenn-Joseph@moemail.com
377 Boyd_Vaughn 776658.0 Boyd-Vaughn@moemail.com
399 Nettie_Lucas 89350.0 Nettie-Lucas@moemail.com
7 Lorene_Strickland 19534.0 Lorene-Strickland@moemail.com
620 Shelia_Cunningham 183097.0 Shelia-Cunningham@moemail.com
792 Kristine_Potter 740142.0 Kristine-Potter@moemail.com
293 Christy_Gomez 898510.0 Christy-Gomez@moemail.com
796 Essie_Nguyen 712007.0 Essie-Nguyen@moemail.com
192 Samantha_Turner 320447.0 Samantha-Turner@moemail.com
503 Flora_Johnston 583736.0 Flora-Johnston@moemail.com
563 Marion_Wilkins 651802.0 Marion-Wilkins@moemail.com
271 Eileen_Burke 431009.0 Eileen-Burke@moemail.com
683 Lucy_Clark 549607.0 Lucy-Clark@moemail.com
178 Marilyn_Cruz 731666.0 Marilyn-Cruz@moemail.com
521 Mable_Carter 307362.0 Mable-Carter@moemail.com
556 Elsie_Wilson 400131.0 Elsie-Wilson@moemail.com
863 Megan_Moore 996743.0 Megan-Moore@moemail.com
589 Thelma_Ross 977550.0 Thelma-Ross@moemail.com
554 Winston_Drake 401791.0 Winston-Drake@moemail.com
398 Ignacio_Montgomery 380886.0 Ignacio-Montgomery@moemail.com
154 Sara_Fleming 849233.0 Sara-Fleming@moemail.com
391 Ellen_Wolfe 382058.0 Ellen-Wolfe@moemail.com
977 Pauline_Weber 532767.0 Pauline-Weber@moemail.com
29 Saul_Reeves 697533.0 Saul-Reeves@moemail.com
709 Cecilia_Fowler 575056.0 Cecilia-Fowler@moemail.com
301 Jared_Peterson 11054.0 Jared-Peterson@moemail.com
988 Kelli_Soto 173153.0 Kelli-Soto@moemail.com
696 Guadalupe_Johnson 828549.0 Guadalupe-Johnson@moemail.com
411 Charlene_Berry 378071.0 Charlene-Berry@moemail.com
50 Norma_Palmer 913110.0 Norma-Palmer@moemail.com
360 Michael_Massey 380322.0 Michael-Massey@moemail.com
87 Ricardo_Russell 965326.0 Ricardo-Russell@moemail.com
375 Leticia_Harmon 3551.0 Leticia-Harmon@moemail.com
935 Terence_Francis 17455.0 Terence-Francis@moemail.com
28 Martin_Barber 465183.0 Martin-Barber@moemail.com
464 Wilbert_Simon 867197.0 Wilbert-Simon@moemail.com
25 Benny_Newton 409895.0 Benny-Newton@moemail.com
959 Lydia_Cook 302394.0 Lydia-Cook@moemail.com
439 Raymond_Hammond 158461.0 Raymond-Hammond@moemail.com
918 Mercedes_Santiago 828432.0 Mercedes-Santiago@moemail.com
303 Clinton_Coleman 141037.0 Clinton-Coleman@moemail.com
268 Robin_Clarke 866956.0 Robin-Clarke@moemail.com
675 Katie_Bryant 114915.0 Katie-Bryant@moemail.com
583 Doug_Young 554599.0 Doug-Young@moemail.com
234 Kendra_Figueroa 572268.0 Kendra-Figueroa@moemail.com
136 Gina_Luna 741753.0 Gina-Luna@moemail.com
76 Jennifer_Klein 661274.0 Jennifer-Klein@moemail.com
847 Cristina_White 175715.0 Cristina-White@moemail.com
62 Tanya_Greer 434651.0 Tanya-Greer@moemail.com
931 Omar_Sharp 371601.0 Omar-Sharp@moemail.com
490 Kerry_Willis 173096.0 Kerry-Willis@moemail.com
695 Mitchell_Ingram 366771.0 Mitchell-Ingram@moemail.com
474 Bridget_Rice 560704.0 Bridget-Rice@moemail.com
333 Mae_Stevenson 9666.0 Mae-Stevenson@moemail.com
794 Clifton_Hudson 947081.0 Clifton-Hudson@moemail.com
697 Devin_Norton 503906.0 Devin-Norton@moemail.com
645 Carol_Estrada 249339.0 Carol-Estrada@moemail.com
131 Willie_Wood 835312.0 Willie-Wood@moemail.com
72 Tommie_Mitchell 867467.0 Tommie-Mitchell@moemail.com
878 Lela_Casey 203887.0 Lela-Casey@moemail.com
91 Kristina_Owens 681680.0 Kristina-Owens@moemail.com
722 Hugo_Moran 154962.0 Hugo-Moran@moemail.com
979 Lena_Snyder 343201.0 Lena-Snyder@moemail.com
788 Horace_Freeman 89079.0 Horace-Freeman@moemail.com
182 Luis_Warren 95162.0 Luis-Warren@moemail.com
42 Virgil_Gonzalez 828552.0 Virgil-Gonzalez@moemail.com
264 Phillip_Webster 455322.0 Phillip-Webster@moemail.com
485 Delbert_Salazar 968766.0 Delbert-Salazar@moemail.com
371 Melba_Wright 453888.0 Melba-Wright@moemail.com
937 Gwen_Jefferson 873414.0 Gwen-Jefferson@moemail.com
876 Erick_Mckenzie 382823.0 Erick-Mckenzie@moemail.com
127 Alice_Benson 902876.0 Alice-Benson@moemail.com
187 Chelsea_Pena 869292.0 Chelsea-Pena@moemail.com
249 John_Boone 860168.0 John-Boone@moemail.com
999 Norman_Sutton 445345.0 Norman-Sutton@moemail.com
515 Corey_Day 495908.0 Corey-Day@moemail.com
895 Dianne_Henry 883872.0 Dianne-Henry@moemail.com
530 Tommy_Graham 965508.0 Tommy-Graham@moemail.com
746 Rhonda_Rivera 375002.0 Rhonda-Rivera@moemail.com
433 Darla_Martinez 335358.0 Darla-Martinez@moemail.com
947 Jessica_Burgess 174661.0 Jessica-Burgess@moemail.com
362 Ryan_Nunez 467842.0 Ryan-Nunez@moemail.com
870 Blake_Vasquez 316646.0 Blake-Vasquez@moemail.com
407 Loretta_Gibbs 684823.0 Loretta-Gibbs@moemail.com
522 Mario_Franklin 608658.0 Mario-Franklin@moemail.com
134 Otis_Steele 391336.0 Otis-Steele@moemail.com
742 Jerry_Bishop 217109.0 Jerry-Bishop@moemail.com
528 Susan_Rogers 956853.0 Susan-Rogers@moemail.com
424 Marcos_Rose 907642.0 Marcos-Rose@moemail.com
599 Jamie_Summers 699801.0 Jamie-Summers@moemail.com
633 Rafael_Wagner 193922.0 Rafael-Wagner@moemail.com
60 Lindsey_Townsend 160746.0 Lindsey-Townsend@moemail.com
298 Evan_Ellis 602614.0 Evan-Ellis@moemail.com
344 Ramon_Lyons 346593.0 Ramon-Lyons@moemail.com
658 Randal_Cohen 656944.0 Randal-Cohen@moemail.com
109 Hope_Patton 528907.0 Hope-Patton@moemail.com
31 Paulette_Stone 257475.0 Paulette-Stone@moemail.com
817 Carl_Sherman 298531.0 Carl-Sherman@moemail.com
307 Estelle_Bush 500797.0 Estelle-Bush@moemail.com
921 Cora_Chavez 407390.0 Cora-Chavez@moemail.com
263 Glenn_Joseph 8434.0 Glenn-Joseph@moemail.com
479 Boyd_Vaughn 416037.0 Boyd-Vaughn@moemail.com
594 Nettie_Lucas 666402.0 Nettie-Lucas@moemail.com
318 Lorene_Strickland 382195.0 Lorene-Strickland@moemail.com
684 Shelia_Cunningham 727989.0 Shelia-Cunningham@moemail.com
608 Kristine_Potter 816517.0 Kristine-Potter@moemail.com
68 Christy_Gomez 961185.0 Christy-Gomez@moemail.com
880 Essie_Nguyen 939027.0 Essie-Nguyen@moemail.com
536 Samantha_Turner 36037.0 Samantha-Turner@moemail.com
855 Flora_Johnston 809939.0 Flora-Johnston@moemail.com
899 Marion_Wilkins 295547.0 Marion-Wilkins@moemail.com
276 Eileen_Burke 402452.0 Eileen-Burke@moemail.com
444 Lucy_Clark 971798.0 Lucy-Clark@moemail.com
296 Marilyn_Cruz 631871.0 Marilyn-Cruz@moemail.com
251 Mable_Carter 287621.0 Mable-Carter@moemail.com
946 Elsie_Wilson 688404.0 Elsie-Wilson@moemail.com
689 Megan_Moore 562967.0 Megan-Moore@moemail.com
16 Thelma_Ross 35630.0 Thelma-Ross@moemail.com
38 Winston_Drake 788910.0 Winston-Drake@moemail.com
195 Ignacio_Montgomery 336238.0 Ignacio-Montgomery@moemail.com
738 Sara_Fleming 520408.0 Sara-Fleming@moemail.com
606 Ellen_Wolfe 679390.0 Ellen-Wolfe@moemail.com
631 Pauline_Weber 134566.0 Pauline-Weber@moemail.com
969 Saul_Reeves 144031.0 Saul-Reeves@moemail.com
616 Cecilia_Fowler 511146.0 Cecilia-Fowler@moemail.com
